{
    "firstUse": false,
    "current_pet": "",
    "FT": {
        "x": 148.78284454345703,
        "y": 25.500015258789062,
        "scale": 1.1
    },
    "CT": {
        "x": 108.58481025695801,
        "y": 21.166595458984375,
        "scale": 0.8
    },
    "FF": {
        "x": 127.1488265991211,
        "y": 29.333343505859375,
        "scale": 0.9
    },
    "AP": {
        "x": 7.889057159423828,
        "y": 41,
        "scale": 0.9
    },
    "language": "Chinese",
    "curren_pet": "Black"
}