{
    "firstUse": false,
    "current_pet": "",
    "FT": {
        "x": 148.11565399169922,
        "y": 49.833343505859375,
        "scale": 1.1
    },
    "CT": {
        "x": 10.841838836669922,
        "y": 23.999923706054688,
        "scale": 0.8
    }
}